class_id,hash
/home/gulzada/Documents/Project/vxvaultvirus,39fcda73563dc640ff3f8f5b1d3df6e5
/home/gulzada/Documents/Project/vxvaultvirus,ae3e433b41eeb599cbe8ead907792ca9
/home/gulzada/Documents/Project/vxvaultvirus,ec262d2f33d76817e351ba24ace468b8
/home/gulzada/Documents/Project/vxvaultvirus,d1ff8f9fa3bc7d9032f556a1fd59e268
/home/gulzada/Documents/Project/vxvaultvirus,8653605c49b0c2e49c8afee0a868597c
/home/gulzada/Documents/Project/vxvaultvirus,3b5337a169bdb2f77f5b9d05249a19c6
/home/gulzada/Documents/Project/vxvaultvirus,bf8fd8372357569145c647d3ad2df3ee
/home/gulzada/Documents/Project/vxvaultvirus,dbe66572b790ce7aeb53481b46a284e2
/home/gulzada/Documents/Project/vxvaultvirus,88cab3e01e7d2274dd56a8d4b605cafb
/home/gulzada/Documents/Project/vxvaultvirus,a339f5b8ef18fb65db3b5d9d74e86a2d
